question,answer,category
How do I reset my HR portal password?,Use the Forgot Password link on the HR portal login page. A reset link is sent to your company email and stays valid for 30 minutes.,Portal
Where can I download my payslip?,Payslips are in the HR portal under Payroll > My Payslips. Each payslip is available from the 3rd working day of the following month.,Payroll
When is salary credited?,Salary is credited on the last working day of each month.,Payroll
How do I update my bank account details?,Submit the new details with a cancelled cheque in the HR portal under Payroll > Bank Details. Changes made before the 20th apply to that month's salary.,Payroll
Can I work from another city for a few weeks?,Work from another city for up to 15 working days in a year is allowed with manager approval. Longer stays need the department head's approval and HR must be informed for tax reasons.,Work Arrangement
How do I add a family member to my health insurance?,You can add a spouse and children within 30 days of marriage or birth through the HR portal under Benefits > Insurance. Additions after 30 days wait for the annual enrolment window in April.,Benefits
Who do I contact about a harassment complaint?,Write to the HR helpdesk or to the internal committee. Complaints are handled in confidence and you will get an acknowledgement within 2 working days.,Conduct
Is there a referral bonus?,Yes. An employee whose referred candidate joins and completes 6 months gets a referral bonus of 15000 INR. Referrals for L4 and L5 roles earn 30000 INR.,Benefits
How do I get an experience or relieving letter?,The letter is issued within 10 working days of the final settlement. Request it in the HR portal under Exit > Documents.,Exit
What is the dress code?,Business casual on weekdays. Casual wear is allowed on Fridays unless you are meeting a client.,Conduct
How do I apply for a transfer to another department?,"Discuss it with your manager first. Then raise an internal transfer request in the HR portal. Both department heads must approve, and you must have completed 12 months in your current role.",Career
Can I claim for a training course I paid for myself?,Yes. Courses related to your role are reimbursed up to 25000 INR per year with manager approval before enrolment. Submit the certificate and receipt within 30 days of completion.,Benefits
